,minx,miny,maxx,maxy
0,-71.329811,46.75247,-71.129311,46.853993
